id;name;ingredients;recipe;type;cuisine;minutes;calories;image;accepted
1;Штрудель яблочный;Мука 250, яйцо 1 шт., масло растительное 40, вода кипяченая теплая 60, уксус 2, масло или маргарин для смазывания 10, для начинки: яблоки 1000, изюм 50, миндаль 50, сухари толченые 50, сахар 100, корица 3, пудра сахарная 50, масло сливочное 10, соль 3.;В муку вводят яйцо, соль, масло, воду, уксус и приготавливают крутое тесто. Тесто не мешают, а выбивают о доску, пока оно не  перестанет прилипать к рукам и не появятся пузыри. Доску  посыпают мукой, кладут ком теста, слегка смачивают его  тепловатой водой, накрывают нагретой миской и оставляют на 30  мин. На свободный стол стелют салфетку, посыпают ее мукой,  кладут на нее предварительно раскатанное до толщины 5мм тесто,  подкладывают руку под салфетку и растягивают тесто от центра к  краям до толщины папиросной бумаги, оставшиеся толстые края  обрезают, образовавшиеся дырки заклеивают кусочками теста и тоже  растягивают. Дают тесту обсохнуть, затем смазывают его  растительным маслом или маргарином и 2/3 поверхности пласта  покрывают подготовленной начинкой. Приподнимая салфетку с одного  конца, сворачивают струдель, кладут его на противень, смазывают  растопленным маслом и пекут 45 минут в жарочном шкафу при  средней температуре, периодически сбрызгивая маслом. Горячий  струдель разрезают на куски толщиной 5-6 см и густо посыпают  сахарной пудрой. Начинку готовят так: яблоки очищают и нарезают тонкими ломтиками. Сухари, слегка поджаренные в масле, рассыпают по  смазанному маслом тесту, распределяют ровным слоем яблоки, изюм  и дробленый миндаль или орехи и посыпают сахаром, смешанным с  корицей.;Вторые блюда;Австрийская кухня;45;274;photo1.jpg;true
2;Фасоль по-американски;Фасоль 80, грудинка копченая 50, масло сливочное 20, лук репчатый 10, томат-пюре 10, зелень петрушки 5.;Мелко нарезанный лук пассируют в масле, добавляют томат-пюре и нарезанную соломкой копченую свиную грудинку, все вместе  поджаривают, заливают бульоном и варят, пока грудинка не станет  мягкой, после чего смешивают с отварной фасолью и тушат еще 10- 15 мин. Перед подачей посыпают мелко нарезанной зеленью  петрушки.;Вторые блюда;Американская кухня;15;73;photo2.jpg;true
3;Шашлык по-азербайджански;На 4 порции. Баранина (почечная часть или мякоть задней ноги) - 600 г. лук репчатый - 2 головки, уксус - 5 ст. л. масло сливочное - 25 г. лук зеленый - 100 г. помидоры свежие - 4 шт. соус ткемали - 3--4 ст. л. барбарис сушеный или свежий - 12-16 шт. лимон - 1 шт. укроп, зелень петрушки, соль, перец по вкусу.;Баранину нарезать кусками в форме кубиков (по 30-40 г.), положить в фарфоровую или эмалированную посуду, посолить,  посыпать молотым перцем, добавить мелко нарезанный или натертый  репчатый лук, зелень петрушки, винный уксус или лимонный сок,  перемешать, накрыть крышкой и поставить на 4-5 часов в холодное  место. Молодую баранину мариновать без добавления уксуса Куски мяса  нанизать на шампуры, смазать сливочным маслом и жарить до полной  готовности над раскаленными древесными углями баз пламени,  непрерывно повертывая шампуры. Готовый шашлык уложить на блюдо, украсить зеленью. Отдельно  подать крупно нарезанный зеленый лук, свежие помидоры, дольки  лимона, соус ткемали и барбарис.;Вторые блюда;Азербайджанская кухня;60;141;photo3.jpg;true
4;"Салат ""Минский""";Картофель 140, шампиньоны 60, лук репчатый 25, капуста квашенная 35, масло растительное 10, уксус (3%) 3, сахар 3.;К отварному картофелю, нарезанному мелкими ломтиками, добавляют нашинкованные капусту, репчатый лук и вареные шампиньоны.  Заправляют салат уксусом, растительным маслом и сахаром.;Салаты;Белорусская кухня;15;135;1130091.jpg;true
5;Суп из шампиньонов;Шампиньоны 100, масло сливочное 10, лук репчатый 10, мука 5, бульон 200, смета а 30, яйцо 1/2 шт., зелень петрушки 5, перец молотый, соль.;К отварному картофелю, нарезанному мелкими ломтиками, добавляют нашинкованные капусту, репчатый лук и вареные шампиньоны.  Заправляют салат уксусом, растительным маслом и сахаром.;Первые блюда;Бельгийская кухня;10;29;p_O.jpg;true
6;Харчо по-грузински;Говядина 190, или баранина 180, рис 25, жир животный 10, лук репчатый 30, чеснок 3, томат-пюре 10, ткемали 10, или лаваш кислый 4, хмели-сунели 0,4, специи, перец стручковый, кинза 10, соль.;Грудинку (Кость предварительно удаляют) рубят вместе с хрящами кусочками по 25-30 г, заливают холодной водой и варят,  периодически снимая пену. Затем кладут замоченный в воде рис,  пассированный лук, доводят блюдо до готовности, заправляют  соусом ткемали, рубленой зеленью кинзы, толченым чесноком,  хмели-сунели, перцем, лавром, солью и кипятят еще 3-5 мин.;Первые блюда;Грузинская кухня;90;90;recept_4443_r9s1.jpg;true
7;Салат датский;Макароны 80, морковь 30, сельдерей (Корень) 20, капуста цветная 50, ветчина 80, масло растительное 10, уксус 5, майонез 10, горчица 2, соль.;Макароны отваривают в соленой воде. Морковь и корень сельдерея, нарезаные кубиками, цветную капусту, разобраную на кочешки,  отваривают в подсоленной воде, не давая развариться. Охлажденные  овощи перемешивают с макаронами, заправляют майонезом,  растительным маслом, уксусом, горчицей и добавляют нарезанную  полосками ветчину или колбасу.;Салаты;Датская кухня;20;185;datskii-salat-iz-vermisheli_1287917984_0.jpg;true
8;Курица соленая с ананасом;Курица 200, ананас 200, майонез 20, сливки 20, салат зеленый 10, соль, сахар.;Воду кипятят с солью и сахаром и охлаждают. Курицу потрошат, вымывают, разделяют на порции и выдерживают в приготовленном  рассоле в теч 2 дней, время от времени переворачивая. Затем  тушку вынимают, отваривают в небольшом количестве воды, снимают  с нее кожу и мякоть отделяют от костей. Майонез смешивают со  сливками и добавляют немного ананасового сока. Куски курицы  укладывают на листья салата, посыпают их тертым ананасом и  поливают соусом. Отдельно подают запеченный картофель.;Вторые блюда;Датская кухня;3;126;df88fa1f0e79df0352be18935e6e27e1.jpg;true
9;Салат египетский ;Фисташки 60, помидоры 120, лук репчатый 25, перец красный молотый, соль.;Помидоры очищают от кожицы, удаляют семена, мелко нарезают, смешивают с нашинкованным луком, толчеными фисташками, солью и  молотым красным перцем. Смесь должна постоять 10 минут, после  чего салат готов к подаче на стол.;Салаты;Египетская кухня;10;186;p_O_1.jpg;true
10;Салат индийский;"Фасоль 50, картофель 50, помидоры 25, масло растительное 10, лук 25, чеснок 2, порошок ""Карри"" 2, лимон 1/6 шт., соль.";"Нашинкованный лук и чеснок обжаривают в масле до золотистого цвета, всыпают порошок ""Карри"", выдержав на огне 3 минут, кладут  нарезанные помидоры и отварную фасоль, затем мелко нарезанный  картофель. Перед подачей добавляют лимонный сок и соль.";Вторые блюда;Индийская кухня;120;150;unnamed.jpg;true
11;Суп-крем из чечевицы;Чечевица 100, лук репчатый 50, чеснок 5, мука 10, масло оливковое 10, гренки 30, яйцо 1/2 шт., перец молотый красный и черный, соль.;Отваривают чечевицу, добавляют мелко нарезанный репчатый лук, чеснок, доводят все до готовности и протирают через сито.  Пассируют на растительном масле муку, вводят красный и черный  молотый перец, разбавляют муку бульоном или чечевичным отваром и  соединяют с протертой крупой. Затем суп солят. Подают его с  маленькими гренками и мелко рубленными крутым яйцом.;Первые блюда;Иорданская кухня;60;202;sup-pyure-iz-chechevitsy-s-kuritsej-1024x725.jpg;true
12;"Спагетти ""Ницца""";Спагетти 60, масло оливковое 20, лук репчатый 10, чеснок 2, помидоры 20, сыр 20, соль.;Отваривают спагетти. Пассируют на сливочном масле мелко нарезанный лук и чеснок, добавляют мелко нарезанные помидоры,  подрумянивают их вместе с луком и вводят спагетти, осторожно  перемешивая их. Отдельно подают тертый сыр.;Вторые блюда;Итальянская кухня ;40;204;unnamed_1.jpg;true
13;Суп из помидоров с клецками из базилика;На 4 порции: 2 кг помидоров, 200 г репчатого лука 50 г копченого шпика, 2 бульонных кубика 1 пучок базилика, 125 мл., молока, соль 65 г муки, 1 яйцо;Снять с помидоров кожуру, крупно нарезать. Репчатый лук очистить и мелко порубить. Шпик нарезать кубиками. Потушить, пока они не  станут прозрачными. Добавить помидоры и бульонные кубики, тушить  приблизительно 15 мин.  Несколько листочков отложить, оставшиеся мелко нарезать. Доба- вить  муки. Помешивать, пока тесто в виде гладкого кома не отделится  от  дна посуды. Кастрюлю снять с огня. В массу вбить яйцо.   Охлажденное тесто перемешать с базиликом, слепить клецки,  оставить в супе, пока они не всплывут. Украсить базиликом.   В одной порции 410 ккал;Первые блюда;Итальянская кухня ;15;300;p_O_2.jpg;true
14;"Суп ""Минестрон""";Ветчина жирная 20, ветчина постная 20, лук репчатый 20, морковь 20, капуста белокочанная 30, картофель 30, помидоры свежие 50, горох 10, фасоль 25, чеснок 3, рис 10, сыр 20, базилик 2, лавр, соль.;Натирают на терке половину полагающейся по рецепту жирной ветчины, постную ветчину нарезают кубиками и оба продукта  поджаривают до бледно-желтого цвета с тонко нарезанным луком.  Овощи мелко нарезают, добавляют базилик и лавр и обжаривают до  желтизны. Ветчину смешивают с овощами, заливают присоленным  бульоном, кладут очищенные помидоры (Без кожицы), горох, фасоль,  рис и варят на слабом огне 45-50 мин. Оставшуюся половину жирной  ветчины растирают с чесноком и вводят в суп в самом конце варки.  Отдельно подают тертый сыр.;Первые блюда;Итальянская кухня ;80;72;15666548371.jpg;true
15;Суп с хлебом по-итальянски;"Крошки белого хлеба 20, сыр ""Пармезан"" или иной 210, яйцо 1/2 шт., бульон 400, соль.";Хлебные крошки хорошо перемешивают с тертым сыром и взбитым яйцом, солят, перчат, приправляют мускатным орехом и вводят эту  смесь при непрерывном помешивании в бульон. Кастрюлю накрывают  крышкой и ставят на слабый огонь на 7-8 мин. Перед подачей  помешивают еще раз, чтобы не образовались комки.;Первые блюда;Итальянская кухня ;10;200;Acquacotta_cr.jpg;true
16;Балиш (пирог);Мука 100, масло сливочное 20, сметана 30, сахар 5, яйцо 1/4 шт., баранина 110, курица 100, рис 15, лук репчатый 20, перец, соль.;Мякоть баранины, нарезанную кубиками, соединяют с сырым рисом, луком, солью, перцем и водой. На сметане с маслом, добавив соль  и сахар, замешивают сдобное тесто и раскатывают его в два пласта  толщиной 1 см. Один пласт укладывают на противень, кладут ровным  слоем фарш, на него - тонко нарезанное филе курицы, начинку  накрывают вторым пластом, края защипывают. Выпекают пирог в  жарочном шкафу, время от времени вливая через проколы в тесте  бульон. Подают в горячем виде.;Вторые блюда;Казахская кухня;60;183;b2a00a2b.jpg;true
17;Салат по-казахски ;Говядина 90, сало растительное 2, яйцо 1 шт., картофель 50, морковь 15, огурцы соленые 50, горошек зеленый 10, яблоки свежие 35, майонез 40, сметана 15, перец, зелень.;Жареное мясо, вареные картофель и морковь, соленые огурцы, очищенные от кожицы, и свежие яблоки нарезают тонкими ломтиками,  добавляют зеленый горошек и перемешивают. Заправив салат перцем,  сметаной и майонезом, выкладывают его в салатницу, украшают  кусочками мяса, яблок, омлетом, зеленью.;Салаты;Казахская кухня;40;153;https___img.anews.com_media_posts_images_20181113_100681692.jpg;true
18;"Салат ""Карельский""";Икра свежая 75, молоки 30, печень рыбы 30, лук зеленый или репчатый 25.;Икру свежей рыбы солят, а молоки и печень варят. Затем икру, молоки, печень и лук рубят, солят и перемешивают.;Салаты;Карельская кухня;30;176;salat_quotdushechkaquot-664603.jpg;true
19;Женмомо (Изделие из теста);Мука пшеничная 80, масло хлопковое 5, сода 0,5, дрожжи 3;Кислое тесто соединяют с пресным тестом в пропорции 1: 1, натирают питьевой содой, затем добавляют растительное масло,  несколько раз обваливают ком в муке и натирают содой,  разделывают мелкие шарики и отваривают их на пару в течение 40- 50 мин. Подают к чаю.;Вторые блюда;Киргизская кухня;50;268;pilita-sladkoe-izdelie-iz-testa-e1576154146667.jpg;true
20;Самса (Изделие из теста);Мука пшеничная 80, баранина 80, лук репчатый 50, жир бараний топленый 3, перец молотый красный 0,5.;Фарш из нарубленого кусочками сырого мяса, рубленого сырого репчатого лука и перца кладут на лепешки из пресного теста,  формуют пирожки и выпекают их в специальной печи (Тандыре).;Вторые блюда;Киргизская кухня;30;389;b0a987b6.jpg;true
21;Шорпо (Суп);Баранина 170, вода 300, картофель 170, помидоры 50, лук репчатый 20, сало баранье (Сырец) 30, перец 0,5, зелень, соль.;Баранину рубят кусочками с костью, посыпают солью и перцем, кладут в котел с жиром и жарят до образования на поверхности  поджаристой корочки, добавляют репчатый лук, нарезанный  кольцами, и свежие помидоры, затем вливают воду, дают прокипеть  в течение 5-10 минут, закладывают картофель, нарезанный  кубиками, и варят до готовности под крышкой. При подаче посыпают  зеленью.;Первые блюда;Киргизская кухня;30;54;shorpo-409463.jpg;true
22;Рыба, жареная в кисло-сладком соусе;Рыба 200, крахмал 20, яйцо 1/4 шт., сало свиное 30, соус соевый 5, водка 10, лук репчатый 10, лук зеленый 10, имбирь 10, сахар 20, уксус 10, бульон 20, соль.;Филе судака нарезают брусочками, смачивают в смеси белка и крахмала, разведенного холодной водой (1: 1), жарят во фритюре и  откидывают. Одновременно кипятят смесь из водки, уксуса,  крахмала, разведенного холодной водой (1: 2), не заправленного  бульона, соли, сахара, мелко рубленого имбиря, репчатого и  зеленого лука, нарезанного дольками. Подготовленную смесь  выливают на сковороду с жиром и проваривают до загустения,  непрерывно помешивая. Закладывают рыбу и, встряхивая сковороду,  перемешивают рыбу с соусом, после чего вливают растопленное  свиное сало.;Вторые блюда;Китайская кухня;40;121;scale_1200.jpg;true
23;Салат из овощей с перцем;Капуста белокочанная 180, морковь 40, перец стручковый красный сушеный, имбирь 1, перец душистый 7, масло кунжутное 20, сахар 10, уксус 5.;Белокочанную капусту нарезают шашками, сырую морковь - кружочками или соломкой, красный стручковый перец -  квадратиками. Подготовленную капусту варят вместе с морковью до  полуготовности, а затем откидывают, тщательно отжимают воду,  заправляют солью, сахаром, укусом и перемешивают. В сильно  нагретое кунжутное масло кладут душистый перец, прогревают его  не более полуминуты и извлекают, в то же масло кладут красный  стручковый перец и тотчас же (Через 1-2 сек) снимают сковороду с  огня, а масло вместе с красным стручковым перцем выливают в  заправленные овощи, перемешивают их и охлаждают.;Салаты;Китайская кухня;10;71;2-perets-sladkij-polza-i-vred-3.jpg;true
24;Яйца маринованные;Яйца 2шт., лук репчатый 10, соус соевый 30 (25 подается отдельно), водка 10, петрушка 10, сахар 20, укроп 10, бадьян, перец душистый, корица, гвоздика, соль.;Куриные или утиные яйца варят 10-12 минут, опускают в холодную воду, очищают от скорлупы, накалывают в нескольких местах и  снова варят 10-15 минут в воде с добавлением соевого соуса,  водки, бадьяна, душистого перца, корицы, гвоздики, имбиря,  петрушки, укропа. Яйца нарезают дольками и укладывают веером на  тарелку.;Вторые блюда;Китайская кухня;50;148;egg.jpg;true
25;Суп из цветной капусты;Капуста цветная 90, яйцо 1/2 шт., мука пшеничная 10, сыр тертый 5, бульон мясной (Или овощной отвар) 300, соль.;Цветную капусту тщательно промывают, заливают крутым подсоленным кипятком (Так, чтобы кипяток только покрыл капусту), варят около  30 минут на слабом огне и откидывают на сито. Сырые яичные  желтки немного прогревают, добавляют муку и тертый сыр, солят и  массу еще раз прогревают, помешивая, до загустения. Яичные белки  взбивают и соединяют с желточной массой, которая к этому времени  успела слегка остыть. Затем прогревают ее еще 5 минут - и соус  готов. В тарелку кладут цветную капусту, на нее соус и заливают  горячим бульоном.;Первые блюда;Кубинская кухня;30;28;creamy-roasted-cauliflower-soup-recipe-1-1_1571817213-e1571817255211-630x315.jpg;true
26;Оладьи картофельные по Литовски;Картофель 290, яйцо 1/4 шт., жир свиной 20, сметана 20, соль 1,5.;Тертый сырой картофель соединяют с яйцами, солью и перемешивают. Из полученной массы формуют оладьи и жарят их в свином жире. При  подаче поливают сметаной.;Вторые блюда;Литовская кухня;20;269;9e28768922cfb95d37c1e20312703be80c3b708eb2878ca02481b79f8cc14b21.jpg;true
27;"Жаркое ""Варадо де франчо"" (Коста Рика)";Цыпленок 350, лук репчатый 25, лимон 1/4 шт., чеснок 3, помидоры 80, лук зеленый 5, зелень петрушки 5, перец маринованный 10, масло сливочное или маргарин 30, перец молотый черный, мука 5, соль.;Цыпленка разделывают на восемь частей и в течение 2 часов маринуют, смазав смесью из лимонного сока, очень мелко  нарезанного лука, молотого перца и растертого с солью чеснока.  Затем обжаривают мясо в кипящем масле до золотистого цвета. Сняв  с помидоров кожицу, нарезают их кубиками. Зеленый лук и зелень  петрушки мелко рубят, высыпают вместе с помидорами в сотейник с  цыпленком и тушат до готовности на слабом огне. Добавляют масло,  нарубленный маринованный перец, бульон, дают прокипеть и  заправляют мукой. Отдельно подают отварной рис и зеленый салат.;Вторые блюда;Кухня стран Центральной Америки;180;248;1.jpg;true
28;Бами (индонезия);Орехи 60, лук репчатый 50, чеснок 2, масло растительное 25, мясо свиное 60, помидоры 180, грибы 20, стебли чеснока 5, перец красный маринованный 20, зелень петрушки 3, яйцо 1/2 шт., лимон 1/4 шт., перец, соль.;Из яиц, соли, воды готовят массу для омлета и дают ей постоять. Отваривают в течение 10 минут в крутом кипятке орехи. На  сковороду с разогретым маслом кладут нашинкованный лук и чеснок,  нарезанное кусочками мясо, очищенные от кожицы и измельченные  помидоры, нарезанные свежие грибы, мелко нарубленные стручки  перца, молодые стебли чеснока, зелень петрушки и все это тушат  30 мин. Орехи смешивают на сковороде с мясом и заправляют солью  и перцем. Готовят омлет и нарезают его полосками. Мясо и овощи  подают в глубокой посуде, полоски омлета кладут поверх мяса  крест-накрест, поливают соком лимона и посыпают зеленью.;Вторые блюда;Кухня стран Юго-Восточной Азии;60;219;depositphotos_218642584-stock-photo-asian-food-bami-goreng-noodles.jpg;true
29;Барабулька по-восточному (Камбоджа);Барабулька 200, помидоры 100, чеснок 3, вино белое сухое 10, масло растительное 20, шафран 0,2, зелень петрушки 5, перец по вкусу, соль.;Рыбу очищают, промывают, подсушивают, панируют в муке и жарят с обеих сторон на растительном масле. Помидоры очищают, разрезают  пополам, вынимают семена, нарезают кубиками, выдерживают в  растительном масле, добавляют толченый чеснок, рубленую  петрушку, белое вино, соль, перец, шафран, все вместе кипятят,  поливают этим соусом рыбу и ставят в жарочный шкаф на несколько  мин. Подают в холодном виде, полив отваром и украсив половинками  помидоров.;Вторые блюда;Кухня стран Юго-Восточной Азии;40;117;unnamed_2.jpg;true
30;Зате (индонезия);Мясо 100, лук репчатый 30, чеснок 2, орехи земляные 5, масло растительное 5, перец молотый черный, соль.;Курятину или молодую свинину нарезают небольшими кубиками и натирают смесью из нарубленого лука, растертого чеснока,  очищенных, слегка поджаренных орехов и растительного масла.  Выдерживают 1-2 часа, затем перчат, солят и обжаривают на  вертеле. Подают с рассыпчатым рисом и острым томатным соусом.;Вторые блюда;Кухня стран Юго-Восточной Азии;150;191;zate_bliudo-446776.jpg;true
31;Суп из свинины (Таиланд);Свинина 100, масло оливковое 20, лук-порей 30, сельдерей (Корень) 20, молоко кокосовое 10, уксус 5, мускатный орех, перец молотый черный, соль.;Нарезанную небольшими кусочками свинину отваривают в подсоленной воде, добавляют оливковое масло и тушат мясо, пока жидкость не  испарится. Отдельно отваривают в подсоленной воде белую часть  мелко нарезанного лука-порея и измельченный на терке корень  сельдерея, добавляют мясо, немного тертого мускатного ореха,  доводят суп до готовности, снимают его с огня, вливают кокосовое  молоко, уксус и заправляют солью и черным молотым перцем.;Первые блюда;Кухня стран Юго-Восточной Азии;60;153;1549506621_0_108_1920_1188_1400x0_80_0_0_405a3cf3ebe9a40ab6259dde92587a67.jpg;true
32;Мясо рубленое;Говядина 160, корейка копченая 30, лук репчатый 20, мука пшеничная 5, сметана 30, картофель 200, огурцы соленые 50, соль.;Корейку, нарубленную мелкими кубиками, обжаривают с луком и добавляют мясо, пропущенное через мясорубку с крупной решеткой.  Продолжая жаренье, посыпают мясо мукой, добавляют бульон,  сметану, специи и доводят до готовности. Подают с отварным  картофелем и соленым огурцом.;Вторые блюда;Латышская кухня;60;213;kotlety-iz-kurinogo-file-rublennye-s-maionezom-i-kraxmalom_1556862384_9_max.jpg;true
33;Оладьи картофельные со сметаной;Картофель 150, мука пшеничная 20, яйцо 1/2 шт., орех мускатный 0,2, масло растительное 5, сметана 30 или масло сливочное 10, соль.;Сырой картофель измельчают на терке, соединяют с мукой, сырыми яйцами, мускатным орехом, массу перемешивают и жарят оладьи.  Подают, полив сметаной или маслом.;Вторые блюда;Латышская кухня;40;133;9e28768922cfb95d37c1e20312703be80c3b708eb2878ca02481b79f8cc14b21.jpg;true
34;Галушки творожные;0,5 стакана муки, 600 г творога, 4 яичных белка, 30 г сливочного масла, 1,5 ст. ложки сахарного песка.;Творог пропустить через мясорубку, добавить масло, муку, сахар, соль, взбитые белки и хорошенько растереть. Полученное  тесто раскатать в жгут толщиной 1,5 см и нарезать галушки  шириной 1,5 см. Варить в подсоленной воде 15 минут. Подать со  сметаной.;Вторые блюда;Украинская кухня ;15;164;privately.ru_5-receptov-samyh-vkusnyh-varenikov-klassicheskie-sytnye-sladkie-i-dazhe-2.jpg;true
35;Галушки сдобные;3 стакана пшеничной муки, 2 яйца, 100 г сливочного масла, 0,3 стакана воды, соль.;В предварительно просеянной муке сделать углубление, влить в него воду, добавить сливочное масло, взбитые с солью яйца и  замесить тесто круче, чем для вареников. Тесто закрыть на 15- 20 минут полотенцем, затем раскатать в пласт толщиной 1 см.  Нарезать галушки и сварить в подсоленной воде. Готовые галушки положить на сковороду с разогретым маслом, встряхнуть, слегка обжарить и подать со сметаной. Пшеничные галушки едят также со шкварками, ветчиной,  нарезанной мелкими кубиками. Для этого сваренные галушки  перемешать с ветчиной и растопленным салом, прогреть 3-5  минут в духовке.;Вторые блюда;Укаринская кухня;20;178;454882d9d56cbd49fa39c0b5b8243794.jpeg;true
36;Хошан ;500 г баранины, 50 г курдючного сала, 4 луковицы, 2 ст. ложки топленого масла, 0,5 стакана 9%-ного уксуса, перец, соль. Для теста: 3 стакана пшеничной муки, 10 г дрожжей, соль.;Муку разделить на 2 части: из одной замесить дрожжевое тесто, из другой - пресное. Когда кислое тесто подойдет, смешать его  с пресным, разделить на кусочки по 40-50 г, раскатать  лепешки. Мякоть баранины или курдючное сало порубить или пропуститъ через мясорубку, добавить нашинкованный лук, соль, перец,  влить около 0,5 стакана воды, все перемешать. Подготовленный  фарш разложить на лепешки, собрать края теста к середине в  виде узла, придать изделиям плоскую форму Обжарить хошан с обеих сторон в топленом масле затем влить в  сковороду воду на 1/3 высоты изделия, накрыть крышкой и  оставить на плите на 5 минут. При подаче на стол полить хошан уксусом или подать уксус  отдельно.;Вторые блюда;Киргизкая кухня;40;328;scale_1100.jpg;true
37;Солянка сборная мясная на сковороде;Капуста тушеная 220, говядина 75 или баранина, или козлятина 75, или свинина 70, сосиски 25, сардельки 25, окорок копчено-вареный 20, почки говяжьи 60 или язык говяжий 40, огурцы соленые 50, каперсы 30, маслины 10, оливки 10, соус красный 55, сухари 4, сыр 3, маргарин сливочный 5, лимон 1/10 шт., плоды, ягоды маринованные 36, петрушка, укроп, соль.;Вареные сосиски, сардельки, ветчину, почки, язык, мясо нарезают тонкими небольшими ломтиками, слегка обжаривают, добавляют  очищенные от кожицы и семян соленые огурцы нарезанные дольками,  оливки, маслины, каперсы, красный соус и нагревают до кипения.  На сковороду, смазанную жиром, кладут часть тушеной капусты, на  нее мясные продукты с соусом, овощами, сверху оставшуюся  капусту, посыпают тертым сыром с молотыми сухарями или только  сухарями, сбрызгивают жиром и запекают в жарочном шкафу. Перед  подачей на солянку кладут ломтик лимона, посыпав зеленью и  украшают маринованными плодами или ягодами и маслинами.;Вторые блюда;Русская кухня;80;79;259007_original.jpg;true
38;Цыпленок с рисом;Цыпленок 300, рис 70, лук репчатый 80, масло сливочное 30, помидоры 80, гвоздика, перец молотый черный, соль.;Выпотрошенную и промытую тушку цыпленка запекают, предварительно полив ее сливочным маслом. Нарезают тушку на куски и вынимают  кости. Поджаривают на сливочном масле измельченный на терке  репчатый лук и рис. Наливают воду, добавляют соль, молотый  черный перец, гвоздику, мелко нарезанные помидоры, рис с луком и  тушат в жарочном шкафу 20-25 мин. Вынимают помидоры, зерна  гвоздики и добавляют к рису мелко нарезанную и поджаренную  печень цыпленка. Рис помещают на тарелку, раскладывают на нем  мясо цыпленка и поливают соусом, образовавшимся при тушении.;Вторые блюда;Сирийская кухня;50;225;saffron-rice-chicken-135575040-572a290b5f9b58c34c3c3c54.jpg;true
39;"Кабобы ""Рохат"" (колбаски)";Баранина 300, масло топленое 25, мука пшеничная 15, лук репчатый 65, гранаты 35, зелень 15, специи, соль.;Баранину вместе с репчатым луком (1/3 нормы) дважды пропускают через мясорубку, добавляют соль, перец и разделывают в виде  кабобов (Колбасок) овально-удлиненной формы. Затем панируют их в  муке и слегка обжаривают, репчатый лук, нарезанный кольцами,  пассируют отдельно до полуготовности, кладут в него  подготовленные кабобы, зерна граната и доводят до готовности на  слабом огне под крышкой. При подаче посыпают зеленью.;Вторые блюда;Таджикская кухня;40;87;950e0563f0c046a6b0dd57bd6d29ab30.jpg;true
40;Кавурдок (жаркое);Баранина 150, картофель 200, лук репчатый 60, морковь 40, помидоры свежие 75, жир 15, зелень 5, перец болгарский 20, специи, соль.;Баранину (Грудинку, корейку, лопатку) рубят кусочками по 40-50 г, обжаривают до образования румяной корочки, добавляют  нарезанный соломкой лук, морковь (Дольками), помидоры и  обжаривают все вместе, затем заливают водой, тушат под крышкой  до готовности (Бульон должен покрывать картофель). При подаче  посыпают зеленью.;Вторые блюда;Таджикская кухня;30;211;1034167435.jpg;true
41;Эчпочмак;Тесто 90, мясо 70, картофель 80, масло топленое 15, лук репчатый 20, яйцо 1/8 шт., перец, соль, бульон.;Жирное мясо и картофель нарезают мелкими кубиками и смешивают с мелко шинкованным репчатым луком, маслом, перцем и солью.  Начинку следует готовить не всю сразу, небольшими порциями.  Дрожжевое или пресное тесто раскатывают в лепешки величиной с  чайное блюдце. На лепешки кладут приготовленную начинку, края  теста приподнимают с трех сторон и защипывают, оставляя в  середине отверстие и придавая изделию форму треугольника.  Изделия смазывают льезоном, ставят в нагретый жарочный шкаф,  через полчаса вынимают, вливают через отверстие бульон и  продолжают в печку. Перед подачей на стол в эчпочмаки вливают  бульон и верх смазывают маслом. (Вместо баранины или говядины можно использовать жирную гусятину  и утятину. Норма закладки - 80г.);Вторые блюда;Татарская кухня;20;235;echpochmaks.jpg;true
42;Лапша тувинская;Мука 35, яйцо 1/4 шт., вода 10, баранина (Задняя и лопаточная часть) 100, лук репчатый 25, масло топленое 15, соль.;В кипящий процеженный бульон из бараньих косточек кладут баранину, нарезанную мелкими кусочками. Суп варят, пока мясо не  станет мягким, и солят. Из муки, топленого масла, яиц и соли  замешивают крутое тесто, раскатывают его в пласт и нарезают  лапшу длиной 15-20 см, шириной 1 см. Лапшу закладывают в суп и  доводят до готовности. При подаче в тарелку кладут сырой  репчатый лук.;Вторые блюда;Тувинская кухня;30;322;mabdb640.jpg;true
43;Манчи;Мука 80, яйцо 2/5 шт., вода 30, баранина 140, лук 15, специи, соль.;Из муки, воды, яиц и соли замешивают крутое тесто, раскатывают лепешки. Готовят фарш: баранину вместе с луком пропускают через  мясорубку, добавляют воду, соль, перец и массу выбивают. На  середину каждой лепешки кладут фарш, края теста защипывают,  придавая изделиям форму вареников, и отваривают их в бульоне.  Подают в бульоне, посыпав зеленью.;Вторые блюда;Тувинская кухня;40;148;p_O_3.jpg;true
44;Плов из курицы по-турецки;Курица 200, морковь 20, петрушка 20, сельдерей (Корень) 10, лук репчатый 20, перец стручковый маринованный 5, масло сливочное 25, рис 60, изюм 10, миндаль 10, перец черный молотый, соль.;Курицу варят в подсоленной воде с кореньями и луком до готовности. Промытый и высушенный рис поджаривают в масле до  прозрачности и заливают бульоном. Заправляют солью, перцем,  добавляют изюм, дают бурно прокипеть 10 минут, затем закрывают  кастрюлю и ставят в водяную баню еще на 15 мин. Снимают мясо  костей, нарезают кусочками и обжаривают в масле. Обжаренные  кусочки миндаля и маринованный стручковый перец соединяют с  мясом и рисом.;Вторые блюда;Турецкая кухня;80;254;scale_11100 .jpg;true
45;Манты (3 штуки в порции) по-узбекски;На 4 порции. Баранина - 440 г. сало баранье - 45 г. лук репчатый, очищенный - 500 г. мука в/с (- 320 г. вода - 20 г.;Баранину и лук мелко рубят, заправляют солью и перцем. Из крутого теста раскатывают тонкие лепешки (края лепешки должны  быть раскатаны тоньше, чем середина). На середину лепешки кладут  фарш, сверху фарша кладут кусочек сала и защипывают края,  придавая изделию круглую форму.  Манты отваривают на пару, в каскане (паровом котле), плотно  накрытом крышкой.  Манты варятся 45 минут. При подаче к столу их заливают мясным бульоном, посыпают рубленой зеленью. Подают отдельно  сметану или кислое молоко,;Вторые блюда;Узбекская кухня;45;59;uzbek-manties.jpg;true
46;Шашлык по-узбекски;На 4 порции. Баранина - 280 г. сало баранье - 25 г. лук репчатый - 100 г. зелень петрушки - 40 г. мука пшеничная - 15 г. Маринад: анис - 2 г. лук репчатый - 40 г. перец красный - 2 г. уксус 3%-ный - 20 г.;Баранину нарезают на мелкие кусочки и вместе с нашинкованным луком заливают маринадом, перемешивают и оставляют на 3-4 часа. Затем мясо нанизывают на шпажку, на конец которой насаживают  кусок сала, посылают мукой и обжаривают над раскаленными углями. Подают по 3-5 шт. на порцию. Гарнир - нашинкованный лук и зелень петрушки.;Вторые блюда;Узбекская кухня;60;234;recept_6178_dbv9.jpg;true
47;Борщ украинский с мясом;Говядина 54, кости 100, капуста свежая 75 картофель 100, морковь 25, корень петрушки 10, лук репчатый 20, чеснок 2, томат-пюре 20 или помидоры свежие 75, перец болгарский 10, мука пшеничная 3, жир 5, сало (Шпик) 5, сметана 20, сахар 5, уксус (3%), 8, зелень петрушки 5, перец черный, перец душистый, лист лавровый, соль.;В кипящий костный бульон кладут мясо, варят его до готовности, вынимают и нарезают на порции. Свеклу шинкуют соломкой, солят,  сбрызгивают уксусом, перемешивают и тушат с добавлением жира из  мясного бульона, томата-пюре, сахара до полуготовности. Коренья,  лук шинкуют соломкой и слегка поджаривают с жиром. В процеженный  бульон вводят нарезанный кусочками картофель, доводят до  кипения. Добавляют нарезаную соломкой свежую капусту и варят 10- 15 минут, закладывают тушеную свеклу, поджаренные коренья и лук.  Нарезанные свежие помидоры, болгарский перец, слегка поджаренную  муку и кипятят 5 минут, после чего заправляют борщ салом,  толченым с чесноком, доводят до кипения и дают настояться в  течение 20-25 мин. При подаче в тарелку кладут кусочек вареного  мяса, сметану и зелень петрушки.;Первые блюда;Украинская кухня;30;44;bb647ec7.jpg;true
48;Котлеты по-киевски;Курятина 200, масло сливочное 30, яйцо 1/4 шт., сухари пшеничные 20, жир для жаренья 15, картофель 350, горошек зеленый 50, соль.;Куриное филе отбивают, фаршируют, придавая ему форму груши, сливочным маслом, смачивают в яйце, панируют в сухарях,  повторяют эту операцию дважды, и жарят во фритюре. При подаче  поливают растопленным маслом. Котлеты можно подать на гренках из  белого хлеба. На гарнир подают жареный картофель и зеленый  горошек. Вместо картофеля можно подать морковь, белые грибы.;Вторые блюда;Украинская кухня;30;245;po-kievsky-kotlety-601x601.jpg;true
49;Салат из свеклы по фински;Свекла 100, ананас 100, сливки взбитые 50.;Отварную свеклу, нарезанную кубиками, и ананас, нарезанный ломтиками, смешивают и заправляют взбитыми сливками.;Салаты;Финская кухня;20;135;finskij-salat-rosoli-600x400.jpg;true
50;Салат селедочный по фински;Сельдь 60, говядина 50, картофель 50, свекла маринованная 30, огурцы соленые 20, лук репчатый 20, яйцо 1/2 шт., сливки 20, зелень петрушки 3, перец молотый черный.;Селедку очищают, вымачивают, освобождают от костей и нарезают мелкими кусочками. Холодный отварной картофель, маринованную  свеклу, соленые огурцы, репчатый лук и яблоки нарезают кубиками.  Все это смешивают с мелко нарезанными кусочками мяса, добавляют  свекольный отвар и перчат. Салат укладывают в салатник горкой,  украшают ломтиками вареного яйца, свеклы, зеленью петрушки и  поливают взбитыми сливками.;Салаты;Финская кухня;15;123;48455a3965c14d166ab49527d1c29134.jpg;true
51;Чаттбуллар (Мясные котлеты);Фарш говяжий 60, фарш телячий 30, фарш бараний 30, сметана 20, вода 20, крошка сухарная 20, желток 1/2 шт., пюре картофельное 150.;Говяжий, телячий и бараний фарш, сухарную крошку, яичные желтки, сметану и воду смешивают. Из полученной вязкой массы формуют  небольшие шарики и поджаривают их на сливочном масле, встряхивая  сковороду так, чтобы шарики поджаривались равномерно. На гарнир  подают картофельное пюре.;Вторые блюда;Финская кухня;30;125;rubber-cutlets.jpg;true
52;Рыба в тесте;Рыба 150, мука пшеничная 100, яйцо 1 шт., пиво 100, масло сливочное 10, масло растительное рафинированное 20, лук зеленый 5, перец душистый горошком 1, соль.;Муку соединяют с солью, сырыми яичными желтками и пивом, добавляют растопленное сливочное масло и вымешивают тесто.  Яичный белок, взбитый до образования пену, вводят в тесто.  Отварную или припущенную рыбу режут на кусочки, посыпают ме ко  нарезанным зеленым луком и душистым перцем и обмакивают в тесто.  Кусочки рыбы, покрытые тестом, обжаривают в кипящем жиру,  вынимают через 1-2 минут и выкладывают на бумагу, чтобы жир  стек. Подают только в горячем виде.;Вторые блюда;Французская кухня;30;227;ryba-testo.jpg;true
53;Салат бакер;Горчица готовая 5, уксус 5, масло оливковое 10, сельдерей 30, зелень сельдерея 5, ветчина 10, грибы маринованные 10, яблоки 20, майонез 15, картофель 30, свекла 30, зелень петрушки 5.;Горчицу, уксус, оливковое масло взбивают и заливают полученной заправкой мелко нарезанную зелень и корни сельдерея. Выдерживают  один час, а затем добавляют нарезанные ломтиками ветчину,  маринованные грибы, яблоки и осторожно перемешивают с майонезом.  Смесь укладывают в салатник и украшают дольками вареного  картофеля, свеклы и зеленью петрушки.;Салаты;Французская кухня;70;220;20-minute-Easy-Apple-Arugula-Salad-with-Pecans-and-Lemon-Vinaigrette.-A-healthy-hearty-side-dish-for-fall-and-winter.-salad-recipe-vegan-healthy-dinner-meal-minimalistbaker-1200x630.jpg;true
54;Суп луковый по-парижски;Лук репчатый 120, масло сливочное 10, мука пшеничная 5, бульон 250, хлеб белый 20, лавр, перец молотый черный, соль.;Мелко нарезанный репчатый лук обжаривают в сотейнике на сливочном масле до коричневого цвета, добавляют в него,  размешивая, муку, а затем мясной бульон, лавр, молотый черный  перец и варят на слабом 30 мин. Вынимают лавр и солят по вкусу.  Подсушивают на сильном огне без масла тонкие ломтики свежего  белого хлеба. Наливают суп в суповую чашку, кладут в нее ломтик  хлеба, посыпают его тертым сыром, накрывают крышкой и ставят в  теплый жарочный шкаф на несколько минут, чтобы сыр растопился.;Первые блюда;Французская кухня;30;85;b7343f01.jpg;true
55;Суп по-королевски;Цыпленок 80, бульон 250, миндаль 5, хлеб белый 25.;Мясо только что поджаренного цыпленка отделяют от костей, кладут в кипящий бульон и варят на слабом огне 15-20 мин. Затем мясо  вынимают, охлаждают и пропускают через мясорубку вместе с  миндалем и замоченным в бульоне белым хлебом. Добавив несколько  ложек бульона, мясо протирают через сито в кастрюльку с бульоном  и подогревают. При подаче кладут в тарелку ломтик обжаренного на  сливочном масле белого хлеба.;Первые блюда;Французская кухня;30;180;scale_1201.jpg;true
56;Суп из молотой говядины;Вода 300, говядина 80, лук репчатый 20, сельдерей (Корень) 10, жир костный или говяжий 5, зелень петрушки 5, соль.;Пропущенную через мясорубку говядину заливают холодной водой и варят 30 мин. Затем кладут нарезанные спассированные коренья,  соль и варят еще 5-10 мин. В готовый суп кладут мелко нарезанную  зелень петрушки.;Первые блюда;Чехословацкая кухня;30;46;scale_120022.jpg;true
57;Елебрад (Суп из пива);Пиво 500, сахар 10, мука 10, яйцо 1/2 шт., молоко 10, желток 1/2 шт., корка лимона или имбирь, соль.;В пиво кладут лимонную корку и доводят его до кипения. Муку разводят в холод ом молоке, вливают болтушку в пиво и  приправляют суп сахаром и солью. Яйцо смешивают с мукой,  добавляют немного молока: разболтав, вливают эту жидкость в суп.  Кипятят в течение 5 минут и снимают с огня. Взбивают с  несколькими ложками супа яичный желток и вводят заправку в  готовый суп.;Первые блюда;Шведская кухня;40;198;KCmLoja2Ask.jpg;true
58;Курица по-шведски;Курица 220, масло сливочное 20, лук репчатый 30, мука 10, сметана или молоко кислое 100, рис 60, салат 10, соль.;Тушку курицы солят изнутри и снаружи, кладут в кастрюлю с маслом, ставят в жарочный шкаф, румянят со всех сторон и  вынимают. В это же масло добавляют нарезанный ломтиками,  прокипяченный и отцеженный лук, пассируют его, вводят муку,  также пассируют, затем вливают сметану или кислое молоко, бульон  и хорошо размешивают. Курицу кладут в соус, тушат до мягкости и  вынимают. Соус пропускают через сито и заправляют сливочным  маслом и соком лимона. На гарнир - плов из риса или домашняя  лапша, отдельно подают зеленый салат.;Вторые блюда;Шведская кухня;60;236;6066-600x372.jpg;true
59;Поджарка картофельная по-швейцарски;Картофель 200, шпик копченый 50, сливки 30, молоко 30, орех мускатный, соль.;"Сваренный ""В мундире"" картофель охлаждают, очищают, стругают на терке соломкой. Сало (Шпик), нарезанное мелкими кусочками,  вытапливают на слабом огне. Всыпают в сковороду картофель,  хорошо перемешивают с салом, заправляют солью и мускатным  орехом, вливают молоко и сливки, снова перемешивают и накрывают  сковороду миской. Через 15 минут опрокидывают содержимое  сковороды в миску румяной корочкой кверху. Поджарку можно залить  яйцом и посыпать тертым сыром.";Вторые блюда;Швейцарская кухня;30;217;scale_12002.jpg;true
60;Фондю (Блюдо из сыра);Сыр швейцарский 120, чеснок 2, вино натуральное белое 120, крахмал 5, вишневка 10, перец молотый черный, орех мускатный, соль.;Вино вливают в глиняный горшок, натертый изнутри чесноком, медленно нагревают. Тертый сыр растапливают в вине при  непрерывном помешивании (Мешать лучше не кругами, а  восьмерками). Увеличивают огонь и дают жидкости закипеть.  Добавляют разведенный в воде крахмал, заправляют мускатным  орехом, перцем и вливают вишневку. Подают в том же горшке  горячим с гренками.;Вторые блюда;Швейцарская кухня;20;229;fond-3.jpg;true
61;Цыплята по-югославски;Цыпленок 220, масло растительное 50, петрушка 5, чеснок 3, лук репчатый 20, сок лимонный 10, перец молотый черный, соль.;Цыпленка разрезают на части и каждый кусок накалывают вилкой. Из растительного масла, измельченной свежей петрушки, соли, черного  молотого перца, натертого чеснока, мелко нарезанной луковицы и  лимонного сока готовят маринад. Птицу кладут на 3-4 часа в  хорошо размешанный маринад, периодически переворачивая. Затем  мясо вынимают, дают маринаду стечь и обжаривают куски со всех  сторон в течение 15 минут, часто при этом обливая маслом с  пряностями. Гарнируют овощами и картофельными чипсами.;Вторые блюда;Югославская кухня;40;175;1327889048_zapechennye-cyplyata-v-granatovoy-glazuri-farshirovannye-risom.jpg;true
62;Щука фаршированная печеная;Рыба 200, сухари толченые 10, молоко 25, яйцо 1/4 шт., перец молотый черный, лук репчатый 10, соль.;Подготовленную щуку подсушивают, надрезают кожу вокруг головы, острым ножом отделяют ее от мяса и снимают. Готовят рыбную  массу. Кожу не слишком плотно заполняют фаршем, зашивают. Рыбу  укладывают на противень с разогретым жиром, ставят в нагретый  жарочный шкаф и пекут 40 минут, часто поливая образовавшимся  соком. По мере выпаривания добавляют воду. Готовую рыбу кладут  на блюдо, нарезают ломтиками толщиной 1-1,5 см и поливают жиром,  в котором она пеклась. Гарнируют рублеными яйцами, тертым  хреном, зеленью петрушки, ломтиками помидоров и огурцов.  Отдельно подают майонез или соус-хрен.;Вторые блюда;Польская кухня;40;141;b4a2b58f.jpg;true
63;Мозги телячьи;Мозги телячьи 100, масло сливочное 10, лук репчатый 10, уксус 5, яйцо 1/2 шт., зелень петрушки 5, перец молотый черный, соль.;Мозги обмывают, очищают от пленок, кладут в кипящую подсоленную воду с уксусом и варят 5 мин. Осторожно вынимают, подсушивают,  охлаждают. Лук нарезают мелкими кубиками и жарят в масле до  светло-золотистого цвета. Мозги нарезают крупными кубиками,  соединяют с луком и сырыми желтками, массу вымешивают, солят,  перчат и подают, посыпав зеленью петрушки. (Вместо желтков можно взять целые яйца, но в этом случае жарят  мозги с яйцами несколько мин. Пленку с мозгов можно снять и  после варки.);Вторые блюда;Польская кухня;30;118;IMG_2842.jpg;true
64;Оладушки из тыквы с колбасой;Тыква 120, колбаса докторская или чайная 50, яйцо 1 шт., мука 20, масло сливочное 15, соль.;Тыкву очищают от кожицы и семян и измельчают на крупной терке. Колбасу, сняв оболочку, мелко рубят или пропускают через  мясорубку. Сырые желтки, растертые с жиром, соединяют с тыквой и  колбасой, вводят муку и соль, размешивают. Ложкой выкладывают  оладушки на сковороду и подрумянивают с обеих сторон. Подают  горячими, уложив в ряд на продолговатое блюдо. Отдельно подают  томатный соус.;Вторые блюда;Польская кухня;40;152;2_1570117084-e1570117109648-630x315.jpg;true
65;Суп гороховый по-монгольски;Бульон мясной 250, горох 60, сок томатный 50, масло сливочное 5, лук репчатый 20, сметана 15, перец, соль.;Мелко шинкованный лук пассируют в масле до золотистого цвета, заливают холодным бульоном, кладут замоченный горох и варят.  Затем лук и горох протирают через сито, кладут в бульон,  добавляют томатный сок, заправляют суп солью и перцем и  проваривают 10 минут на слабом огне. При подаче кладут сметану.;Первые блюда;Монгольская кухня;40;51;recipe_3b3b13e5-74c6-491b-b4fc-f851dd905372_large.jpg;true
66;Суп из головы молодого барашка;Голова молодого барашка 300, лук репчатый 50, морковь 50, сельдерей (Корень) 30, рис 50, масло сливочное 10, молоко кислое 50, яйцо 1/4 шт., зелень петрушки и мяты 5, перец молотый черный, кислота лимонная, соль.;Голову молодого барашка хорошо промывают, кладут в кастрюлю, заливают холодной водой и варят. Доведя до кипения, удаляют  пену, солят, кладут морковь, репчатый лук, корень сельдерея и  продолжают варить на слабом огне. Когда мясо начнет отделяться  от костей, голову вынимают, рубят пополам, извлекают мозг и  язык, мясо снимают с костей. Все это нарезают мелкими кусочками  и кладут в процеженный бульон, добавив отварной рис, проваривают  суп 15 минут, а затем заправляют кислым молоком, рублеными  крутыми яйцами, зеленью петрушки, мяты, лимонной кислотой,  черным молотым перцем и сливочным маслом.;Первые блюда;Монгольская кухня;40;129;unnamed5.jpg;true
67;Суп из рыбы по-молдавски;Осетрина 130, или белуга 100, лук репчатый 25, петрушка (Корень) 25, морковь 25, масло сливочное 10, картофель 200, квас 100, зелень петрушки 5, специи, соль.;Отваривают порционные куски рыбы с кожей (Без хрящей). В полученный бульон закладывают картофель, нарезанный дольками.  Через 15-20 минут - пассированный лук, морковь и петрушку,  нарезанные соломкой: доведя суп до кипения, добавляют  прокипяченный квас, лавр и черный перец. При подаче посыпают  зеленью.;Первые блюда;Молдавская кухня;45;153;zama-of-fish-800x445.jpg;true
68;Суп по-молдавски;Курица 100, картофель 200, морковь 25, лук репчатый 25, петрушка 15, маргарин столовый 10, кислота лимонная 1, сметана 15, специи, соль.;Морковь, лук, петрушку шинкуют соломкой и пассируют. В курином бульоне отваривают до полуготовности картофель, нарезанный  чесночком, затем вводят пассированные коренья, красный перец,  соль. За 5 минут до готовности суп заправляют лимонной кислотой  и лавром. При подаче в тарелку кладут кусочки курицы, сметану и  зелень.;Первые блюда;Молдавская кухня;40;140;472818fd666947919a7ec59d18694ee8-quality_100Xresize_crop_1Xallow_enlarge_0Xw_680Xh_510.jpg;true
69;Суп-пюре по-норвежски;Кольраби 20, бульон 250, грибы свежие 20, сливки 20, желток яичный 1/2 шт., масло сливочное 5.;Из кольраби ранних сортов делают пюре, разводят его бульоном, кладут в суп мелко нарезанные отварные белые грибы, заправляют  сливками, яичными желтками и сливочным маслом.;Первые блюда;Норвежская кухня;35;124;f7ace77be765001ff8f32f156f4c872e-quality_100Xresize_crop_1Xallow_enlarge_0Xw_680Xh_510.jpg;true
70;Кавурма из молодого барашка;Баранина 110, жир бараний 15, мука пшеничная 5, лук репчатый 40, томат-пюре 10, чеснок 1, гарнир 150, соль.;Мякоть баранины нарезают кусками весом по 25-30 г и обжаривают, добавив муку и томат-пюре, жарят еще 5 минут, затем вливают  немного воды, кладут пассированный лук, соль, чеснок и тушат под  крышкой до готовности. Гарнир из овощей, круп или макаронных  изделий.;Вторые блюда;Молдавская кухня;40;214;prigotovlenie-blyud-iz-myasa.jpg;true
71;Гайин эль гхальми (Гуляш из баранины);Баранина 250, масло растительное 25, чеснок 5, лук репчатый 50, помидоры.;Лопатку или бараний окорок нарезают небольшими кусочками, как для гуляша. В глубокой тяжелой кастрюле (Гусятнице) разогревают  растительное масло и обжаривают в нем мясо. Добавляют растертый  чеснок, мелко нарезанный лук, соль, черный молотый перец, лавр,  гвоздику, зелень петрушки, шафран, имбирь, мелко нарезанные  помидоры или томат-пасту и тушат несколько минут, помешивая.  Затем вливают воду, прикрывают крышкой и тушат, перемешивая,  примерно час, пока мясо не станет мягким. Нарезанный дольками  лук поджаривают на растительном масле до золотистого цвета, изюм  замачивают на полчаса в теплой воде, миндаль поджаривают на  масле и все это вместе кладут в кастрюлю с мясом. Размешав,  ставят кастрюлю в горячий жарочный шкаф на 15 минут (Блюдо  должно стать сверху сухим). Подают на стол в кастрюле, украсив  блюдо половинками крутых яиц.;Вторые блюда;Марокканская кухня;60;267;IMG_5874.jpg;true
72;Ебаба (Хлебный суп);Изюм 50, сухари хлебные 150, вода 500, мед 50.;Изюм варят в воде, всыпают хлебные сухари и заправляют медом. Подается горячим или холодным.;Первые блюда;Марокканская кухня;20;115;dsc4899-2.jpg;true
73;Турисмо торык вуд (Напиток творожный);Творог пастеризованный обезжиренный 300, вода или молоко 700, соль 10.;Сухой творог растирают, вливая тонкой струей кипяченую холодную воду или молоко, до консистенции сливок, присаливают и  настаивают напиток в неокисляющейся посуде.;Вторые блюда;Марийская кухня;15;34;inx960x640.jpg;true
74;Шолтымо стерлядь (Салат из стерляди);Стерлядь 110, картофель 10, огурцы свежие или соленые 90, яйцо 1/2 шт., яблоки 20, клюква 15, соус 50.;Картофель, отваренный в мундире, и огурцы нарезают мелкими ломтиками, яблоки и сваренные вкрутую яйца - дольками. Стерлядь  припускают с солью и специями, затем охлаждают и нарезают  брусочками. Продукты перемешивают и добавляют клюкву. К салату  подают соус хрен со сметаной.;Салаты;Марийская кухня;30;187;5H2A6652.jpg;true
75;Борщ с грудинкой или корейкой;Грудинка или корейка копченая 17, бульон 100, свекла квашеная 65, рассол свекольный 85, лук репчатый 10, морковь 10, петрушка (Корень) 4, сало свиное 6, сахар 2, картофель отварной 100, сметана 15, перец душистый, лавр, соль.;В бульон, сваренный на копченой корейке или грудинке, добавляют пассированные морковь, петрушку, специи, сахар, продолжая  варить, через 10 минут кладут нарезанную брусочками квашеную  свеклу, свекольный рассол и вновь доводят до кипения. При подаче  в тарелку кладут ломтик копченого мяса и сметану. Отдельно  подают отварной картофель.;Первые блюда;Литовская кухня;35;85;ukr_borsh.jpg;true
76;Борщ с ушками по-литовски;Для бульона: кости 50, отвар грибной 75, свекла 60, лук репчатый 7, морковь 8, петрушка (Корень) 6, уксус (9%) 1,2, лавр, перец душистый, соль 2, для ушек: мука пшеничная 30, яйцо 1/4 шт., вода 10, для фарша: грибы сушеные 9, масло сливочное 3, лук репчатый 14, перец, соль.;Варят костный бульон с луком и кореньями. За 40 минут до конца варки добавляют уксус, мелко нарезанную сырую свеклу, соль,  специи. Готовый бульон процеживают и соединяют с грибным  отваром. Замешивают тесто, раскатывают его тонким пластом,  нарезают квадратики и лепят ушки с фаршем, приготовленным из  сушеных отварных грибов, пассированного лука, соли, перца. При  подаче сваренные отдельно ушки кладут в горячий бульон, засыпают  зеленью.;Первые блюда;Литовская кухня;40;116;f59e0cee3678f3043cfd3f9fc8c6d15abb825da3.jpeg;true
77;Зразы заливные;говядина (Задняя часть) - 500 г свиное сало - 100 г луковицы - 2 шт яйцо - 3 шт (2 вкрутую) ржаные толченых сухарей - пол стакана черный перец - 1 ч.л. майонез;Говядину нарезать пластами толщиной 0,5 см, размером с ладонь или более, отбить (Обязательно), посолить, поперчить, смазать взбитым яйцом, выдержать 15 мин. Сало нарезать мелкими кубиками, вытопить до образования шкварок. Из обжаренного лука, яиц вкрутую, шкварок и сухарей сделать на- чинку, насыпать ее на подготовленную говядину слоем 0,5 - 1 см, завернуть рулетом  или конвертиком, обвязать и смазать зразы взбитым яйцом. В растопленном сале обжарить зразы на сильном, затем слабом огне  до готовности. При вытапливании жира подлить 1 - 2 ст. ложки воды.;Вторые блюда;Литовская кухня;30;229;zrazy-s-yaicom-v-duxovke_1587365497_12_max.jpg;true
78;Рагоуляй;сырых картофелин - 15 шт вареных карофелин - 2 шт гречневой муки - 6 ст. л. дрожжей - 25 г. воды - 2 ст. л. свиного сала - 100 г луковицы - 3 шт.;1. Из вареного картофеля сделать пюре, добавить дрожжи, разве - денные теплой водой, муку, поставить в теплое место на закваску.          2. Сырой картофель натереть, сок отжать, добавить муку (4 ст.  ложки) и закваску (П.1),поставить на 8 ч в теплое место.                 3. Затем слить образовавшуюся жидкость, добавить соль, оставшую- ся муку и выложить массу слоем 3 см на лист, смазанный маслом, запечь в  духовке в  течение 30 мин.;Вторые блюда;Литовская кухня;35;134;7dfc2a786e52b5c_660x440.jpg;true
79;Кокосовые орехи запеченные (Коста Рика);Орехи кокосовые 250, молоко 750, крахмал 20, сахар 20, яйца 2шт., коньяк 20, изюм 30, корица 2, ваниль.;Картофельную муку разводят на 100 г холодного молока. Остальное молоко кипятят, добавляют в него разведенный крахмал и,  постоянно помешивая, доводят до кипения. Затем осторожно  добавляют измельченную на терке мякоть кокосовых орехов, изюм,  сахар, ваниль, а также взбитые с коньяком яйца. Готовую смесь  раскладывают по формочкам, посыпают корицей и быстро запекают в  жарочном шкафу.;Вторые блюда;Кухня Центральной Америки;40;386;1323625003_orehi-s-kokosom-zapechennye-s-garam-masaloy.jpg;true
80;Лодочки из бананов (Гавайские острова);Бананы 100, мука 10, молоко 30, масло сливочное 10, пудра сахарная 10, яйцо 1шт., соль.;Мякоть бананов растирают в пюре. Готовят белый соус из муки и сливочного масла, разбавляют его молоком, смешанным с сахарной  пудрой и солью. Соус снимают с огня и мешают до тех пор, пока он  не остынет. Добавляют желток, пюре из мякоти бананов и в конце -  белок, взбитый в крепкую пену. Лодочки из банановой кожуры  укладывают на смазанный маслом противень, наполняют их кремом,  ставят в сильно нагретый жарочный шкаф и запекают 5-6 мин.;Вторые блюда;Кухня Центральной Америки;10;294;u19XgSgGpHA.jpg;true
81;Напиток из бананов (Гаити);Молоко 200, сахар 50, апельсин 1/2 шт., бананы 50.;Молоко кипятят с сахаром, охлаждают и добавляют сок апельсина. Жидкость вливают в банановое пюре, размешивают, охлаждают.  Напиток подают, надев на край стакана ломтик апельсина. Пьют его  через соломку.;Вторые блюда;Кухня Центральной Америки;20;172;2e8698d1fa098cfc77fd98ba34859218_cropped_740x494.jpg;true
82;Омлет с ананасом (Ямайка);Ананас 80, яйца 2шт., пудра сахарная 10, ром 100, молоко 10, крахмал 3, ванилин.;Ананас очищают от кожуры, нарезают кубиками, посыпают сахарной пудрой и заливают ромом. Яичные желтки растирают добела с  сахарной пудрой, добавляют молоко, крахмал, порошок ванилин и в  конце - взбитые в пену белки. На сковороде разогревают сливочное  масло, выливают подготовленную яичную смесь и поджаривают ее с  обеих сторон. На середину поджаренного омлета помещают  пропитанный ромом ананас, складывают омлет пополам, кладут на  смазанный маслом противень и запекают в жарочном шкафу в течение  10 мин. Затем поливают омлет ромом, добавив по вкусу сахар. В  момент подачи ром поджигают.;Вторые блюда;Кухня Центральной Америки;10;205;bcb95cc2.jpg;true
83;Картупеля нянь (Шаньги с картофелем);Для теста: мука 120, сахар 3, дрожжи 1, маргарин 5, вода 50, соль, картофель 150, молоко 20, сметана 20, яйцо 1/2 шт., масло сливочное 10.;В теплой воде или молоке растворяют сухие дрожжи, соль, сахар. Готовят дрожжевое тесто густой консистенции. Формуют шарики и  раскатывают их в лепешки. Отваренный в небольшом количестве воды  картофель тщательно разминают и, добавив горячее молоко, массу  взбивают. На середину шаньги кладут картофельное пюре,  поверхность разравнивают и смазывают яично-сметанной смесью.  Изделия выпекают при температуре 200-220 градусов и смазывают  растопленным маслом.;Вторые блюда;Коми кухня;20;149;shanga-s-kartoshkoy.jpg;true
84;Моркова кушман (Редька тертая с морковью);Редька 70, морковь 60, сметана 20, уксус 2, сахар 2, соль.;Редьку и морковь моют, очищают от кожицы, измельчают на крупной терке, солят. Добавив сахар и уксус, заправляют сметаной и  тщательно перемешивают.;Вторые блюда;Коми кухня;15;62;salat_iz_chernoi_redki_s_morkoviu-51125.jpg;true
85;Салат из помидоров китайский;Помидоры свежие 150, сахар-песок 30.;Помидоры нарезают кружочками толщиной 3 мм, кладут горкой в салатник и посыпают сахаром.;Салаты;Китайская кухня;20;93;p_O_6.jpg;true
86;Салат из редьки с луком;Редька 180, лук зеленый 10, масло кунжутное 20.;Редьку нарезают соломкой, смешивают с нарезанным зеленым луком, добавляют соль и кунжутное масло. Готовый салат кладут в  салатник. Иногда отдельно подают горячую жидкую рисовую кашу  (Дамичжоу), которую варят обычным способом.;Салаты;Китайская кухня;15;59;7b82e75b25399c33120c70fbeaedc854.jpg;true
87;Форель жареная по-иссыккульски;Форель 150, мука 5, масло растительное 20, лук репчатый 120, помидоры свежие 30, редька 70, перец болгарский 30, томат-пюре 10, патиссоны 50, горошек зеленый 20, зелень 6, специи, соль.;Обработанную рыбу нарезают на порции, панируют в муке и жарят. Бланшированную редьку обжаривают вместе с луком, отдельно жарят  болгарский перец, шинкованный соломкой. Овощи соединяют с  пассированным томатом и гарнируют ими рыбу. Гарнир можно  дополнить также зеленым горошком, патиссонами, помидорами и  зеленью.;Вторые блюда;Киргизская кухня;25;96;Форель жареная по-иссыккульски;true
88;Кулебяка с грибами;Мука пшеничная 160, сахар 8, масло подсолнечное 8, дрожжи 3, яйцо 1/4 шт., лук репчатый 35, грибы соленые 150.;Кислое тесто раскатывают в полоску шириной 18-20 см и толщиной 1 см. На середи у полосы укладывают фарш из соленых рубленых  грибов и лука. Края теста соединяют и защипывают. Кулебяку  помещают на лист, смазывают яйцом и выпекают.;Вторые блюда;Карельская кухня;40;184;00022518.jpg;true
89;Мусс манный с ревенем;Крупа манная 100, вода 700, сахар 175, ревень 350.;Ревень очищают от волокон, промывают, мелко нарезают, 5 минут варят в воде с сахаром, протирают, добавляют творог и  перемешивают, а затем доводят до кипения. Всыпают манную крупу и  варят до загустения. Охладив до 40 град, массу взбивают в пену,  разливают в формы и охлаждают. Подают под фруктовым или ягодным  соусом.;Вторые блюда;Карельская кухня;20;109;recept-mussa-iz-revenya-s-mankoy-1024x680.jpg;true
90;Напарокко (Суп с сушеным окунем);Окунь сушеный 80, картофель 200, мука 3, специи, сметана 10.;В кипящую подсоленную воду кладут ошпаренную сушеную рыбу и варят до готовности. Мякоть отделяют и закладывают в процеженный  бульон. Доведя до кипения, добавляют картофель, нарезанный  брусочками, специи, соль и продолжают варку. Незадолго до  готовности вливают мучную болтушку. Подают со сметаной.;Первые блюда;Карельская кухня;30;113;2gis_ru_opt.jpeg;true
91;Куырдак (Поджарка казахская);Легкое 170, печень (Говяжья) 110, сердце 60, сало курдючное 90, лук репчатый 40, перец 0,5, соль.;Нашинкованный репчатый лук и субпродукты, нарезанные мелкими кусочками, обжаривают с курдючным салом. Добавляют немного  бульона, соль, перец и тушат до готовности. Куырдак можно  готовить из говядины, баранины или конины.;Вторые блюда;Казахская кухня;20;206;kuyrdak-основное-фото-рецепта.jpg;true
92;Манты с бараниной ;Мука 75, баранина 180, лук 60, сало топленое 5, уксус (3%) 25, перец молотый красный, соль.;Жирную баранину нарезают мелкими кубиками и соединяют с рубленым репчатым уком, холодной водой, солью, перцем. Крутое пресное  тесто раскатывают на тонкие круглые лепешки весом по 20 г так,  чтобы края их были тоньше середины. На лепешку кладут фарш, края  защипывают. Варят манты на пару в течение 30 мин. Подают, полив  бульоном, с уксусом и перцем.;Вторые блюда;Казахская кухня;30;174;b3622499.jpg;true
93;Ризотто по-милански ;Рис 125, лук репчатый 30, масло сливочное 25, сыр тертый 75, шампиньоны 25, бульон 125, помидоры 125, перец, соль.;Мелко нашинкованный лук слегка пассируют. Рис промывают, подсушивают и добавляют в лук. Прогревают, помешивая, пока рис  не станет прозрачным. Вливают бульон, заправляют солью и перцем  и тушат до готовности. Половину требуемого по рецепту количества  тертого сыра смешивают с рисом. Припущенные шампиньоны и  нарезанные ломтиками помидоры кладут в смазанную жиром и  обсыпанную тертым сыром форму, сверху плотно укладывают горячий  рис, затем форму опрокидывают на подогретое блюдо. Подают к  столу, посыпав оставшимся сыром.;Вторые блюда;Итальянская кухня ;35;113;https___img.anews.com_media_posts_images_20170313_64997428.jpg;true
94;Ризотто по-пьемонтски ;Рис 80, лук репчатый 30, масло сливочное 20, тертый сыр 15, бульон 100, шафран, перец, соль.;Рубленый лук слегка обжаривают в сливочном масле, добавляют рис и жарят до тех пор, пока крупа не пропитается сливочным маслом.  Вливают частями бульон (Бульона должно быть по объему в два раза  больше, чем риса), добавляют шафран, соль, перец, перемешивают и  тушат, не накрывая крышкой. Рис должен быть немного разваренным.  Перед подачей вводят тертый сыр и сливочное масло, по желанию -  ветчину или трюфели.;Вторые блюда;Итальянская кухня ;40;119;rizotto_s_telyachim_yazykom_foto.jpg;true
95;"Салат ""Тоска""";Цыпленок 80, сельдерей 30, грибы 30, каперсы 5, сыр тертый 10, майонез 40, помидоры свежие 20, соль.;Нарезанные соломкой филе отварного цыпленка, сельдерей, свежие отваренные грибы соединяют с каперсами и тертым сыром,  заправляют солью и майонезом и перемешивают. Готовый салат  украшают помидорами.;Салаты;Итальянская кухня ;20;239;76b7ed1fb420273f6dc238b8c29421e93d79cfe9.jpg;true
96;"Салат ""Фигаро""";Язык телячий 50, свекла 40, сельдерей 40, салат 20, анчоусы 10, помидоры свежие 40, майонез 50, соль.;Вареный телячий язык, припущенный сельдерей, анчоусы и салат нарезают соломкой, вареную свеклу - кружочками. Все хорошо  перемешивают и заправляют майонезом и солью. В майонез  предварительно добавляют мелко нарубленные, без кожицы и семян,  свежие помидоры.;Салаты;Итальянская кухня ;15;133;salat_quotfigaroquot-409992.jpg;true
97;Куриные окорочка а-ля Тоскана;2стол. ложки подсолнечного масла 1 луковица среднего размера 2 зубчка чеснока 100 мп красного вина 500 г. протертых помидоров 100 г. консервированных маслин (без косточек), свежий шалфей;Лук нарезать тонкими полукольцами. Чеснок очистить и пропустить через чесночницу. К окорочкам добавить лук и чеснок и быстро  обжарить.  Положить протертые помидоры. Накрыть сковороду крышкой и тушить  около 15 мин. Незадолго до готовности добавить маслины и  измельченный шалфей. Украсить целыми листиками шалфея. Ни в коем  случае не солить ни птицу, ни соус, так как помидоры и маслины  достаточно остры сами по себе.   В одной порции 310 ккал;Вторые блюда;Итальянская кухня;25;218;kurinye-nojki-v-temnoi-glazuri.jpg;true
98;Куриные ломтики в турецком соусе из грецких орехов;1 пучок кореньев для супа 1л воды, соль, 200 г. грецких орехов, 2 луковицы 3 зубчика чеснока, 3 стол. ложки лимонного сока 125 г йогурта, 2 стол. ложки оливкового масла 0,5 чайн. ложки паприки, 2 стол. ложек масла из грецких орехов, мята;1. Положить очищенные и мелко нарезанные коренья в подсоленную воду и довести ее до кипения. В течение 10 мин на небольшом огне  варить в ней до готовности куриное филе. Достать филе из бульо- на,  остудить и нарезать толстыми одинаковыми полосками.   Чеснок, лимонный сок, йогурт, оливковое масло и 1/8 л остывшего  куриного бульона смешать миксером до образования однородной массы.   Листья салата и запить их сверху ореховым соусом. Смешать  растительное масло с порошком паприки и сбрызнуть им полоски филе. Украсить листиками мяты.   В одной порции 690 ккал;Вторые блюда;Итальянская кухня;40;265;p_O_7.jpg;true
99;"Суп ""Карри""";Баранина 120, лук 20, петрушка, морковь, сельдерей (Корень), жир 8, лавр, кар и 2, лимон 1/6 шт., сметана 20, соль.;Мелко нашинкованный лук обжаривают в жире до золотистого цвета, добавляют карри и жарят еще 3 мин. Нашинкованные овощи жарят  вместе с кусочками мяса, кладут лавр, соль, вливают воду. Варят  на слабом огне, пока вода не выкипит наполовину. После этого  мясо вынимают, отвар протирают через сито, заправляют лимонным  соком и сметаной. Подают вместе с мясом и рассыпчатым рисом.;Первые блюда;Индийская кухня;120;89;unnamed0.jpg;true
100;Суп куриный по-индийски;Цыпленок 70, лук 20, масло сливочное 5, перец стручковый 2, имбирь, кориандр, перец, соль.;Тушку цыпленка мелко рубят, заливают водой, немного солят и варят, по мере необходимости добавляя воду. Хорошо растирают  острый стручковый перец, кориандр, черный перец, имбирь и  разводят все это небольшим количеством воды до густой кашицы.  Лук мелко нарезают и обжаривают в сливочном масле. Мясо цыпленка  и лук кладут в супницу и заливают бульоном с разведенной в нем  кашицей из пряностей. Отдельно подают отваренный сухой рис.;Первые блюда;Индийская кухня;80;115;karri-sup-iz-kuricy-s-risom.jpg;true
101;Квас;Хлеб ржаной  — 1 Килограмм , Дрожжи  — 15-20 Грамм (или 1/2 чайной ложки сухих), Сахар  — 1 Стакан (по вкусу, можно и больше), Вода  — 6 Литров;нарезанный ломтиками хлеб подсушить, залить кипятком добавить сахар и оставить остывать до 30ти градусов. Кдрожжам добавить сахар и залить в кастрюлю с хлебом. Оставить бродить на пару дней. Процедить через льняное полотенце от хлеба и его остатков .Жидкость разлить по бутылком и оставить в холодильнике еще на день-два.;Напитки;Русская кухня;3;27;domashniy-kvas.jpg;true
102;Молочный коктель с клубникой;Клубники  — 300 Грамм, Молока  — 1,5 Стакана, Мороженого пломбир  — 150 Грамм, Сахара  — 2 Ст. ложки ;Клубнику с сахаром измельчить, добавить мягкое мороженное и влить молоко. Взбить коктель до появления пенки и подать;Напитки;Французская кухня;5;83;-204204382.jpg;true
103;Вино из черной смородины;Смородина черная  — 3 Килограмма,  Вода  — 2 Литра,  Сахар  — 500 Грамм;Перебрать смородину, разомнуть любым способом и добавить литр воды, перемешать и оставить на 4 суток, переодически помешивая. Пото процедить житкость от ягод, перелить в чистые бутылки и добавить сахар. Убрать в сухое место на полтора месяца. Готовое вино снять с осадки и разлить по бутылкам, хранить в погребе.;Напитки;Итальянская кухня ;180;76;image003-181.jpg;true
104;Лимонад из тархуна, лимона и мяты;Вода  — 1,5 Литра, Тархун  — 5 Грамм (лист), Мята  — 10 Грамм (лист), Сахар  — 120 Грамм, Лимон  — 1 Штука;Листья тархуна засыпать ст. ложкой сахара и разомнуть. С лимона снять цедру и выдавить сок. Залить водой цедру, листья тархуна и мяты, добавить весь сахар и варить 5 минут. Остудить, процедить и можно подавать.;Напитки;Русская кухня;60;94;Bez-nazvanija-5-11.jpg;true
105;Компот из черной смородины;Сахар  — 600 Грамм, Черная смородина  — 1 Килограмм;Залить ягоды кипятком, дать остыть 5 минут, а потом снова прокипятить и разлить по банкам, которые сразу же закать и хранить в прохладном месте.;Напитки;Русская кухня;40;52;40ff48435cc1b6d0f75f7fd45ad79967.jpg;true
106;Компот из киви;Киви  — 5-6 Штук, Мандарин  — 4 Штуки, Яблоко  — 1 Штука, Лимонная кислота  — 1/2 Чайных ложки (или лимонный сок по вкусу), Сахар  — 4-5 Ст. ложек ;Фрукты поместить в дуршлаг и прокипятить их 2-3 минуты. В отвар добавить сахар и варить 5 минут. В банки добавить фрукты и залить жидкостю, можно употреблять. ;Напитки;Русская кухня;30;43;2821635.jpg;true
107;Сангрия;Вино красное п/сладкое  — 400 Миллилитров, Яблоки  — 3 Штуки, Клубника  — 15 Штук (свежемороженая), Апельсин  — 2 Штуки, Мед (или сахар)  — 1/2 Стакана (по вкусу), Лед  — 100 Грамм;Из апельсинов надо выжать сок. Яблоки очистите и нарежьте дольками. Соедините все ингредиенты в чаше измельчителя. Пробейте до однородности. Можно подавать;Напитки;Итальянская кухня ;5;96;sangria.jpg;true
108;"Сливочное пиво из ""Гарри Поттера""";Сливки  — 30 Миллилитров, Корица  — 0,5 Чайных ложки, Мороженое  — 70-100 Грамм, Газировка  — 1/2 Стакана, Ириски  — 9 Штук ;В сотейник вылить сливки, добавить ириски и корицу. На маленьком огне растопить ириски и довести массу до густой консистенции. После жэтого охладить сливки и смешать с мородженным в блендере, Половину стакана заполните сливками, а вторую половину - газировкой и перемешать.;Напитки;Английская кухня;15;106;maxresdefault.jpg;true
